当前任务,干扰次数,干扰因素,神态描述,专注度得分,辅助措施,辅助后变化
代码开发-用户认证模块,1,同事询问问题,专注且投入,4,,
修复登录接口bug,2,手机消息提醒,专注但偶尔分心,3,音乐,🔺
接口文档更新,1,同事询问问题,专注平静,4,,
单元测试编写,0,,高度专注,5,,
代码review,2,即时通讯消息,思考中略显疲惫,2,音乐,🔺
数据库优化,1,同事讨论声,专注且认真,4,,
线上bug修复,5,即时通讯消息,疲惫且压力大,2,娱乐视频,🔺
性能测试,1,手机消息提醒,专注且思考,4,,
缓存模块开发,0,,深度专注,5,,
接口调试,2,手机消息提醒,略显烦躁,3,颈椎放松,🔺
代码重构,1,即时通讯消息,专注且清醒,4,,
issue处理,4,同事讨论声,注意力不集中,1,音乐,🔻
日志分析,1,同事讨论声,专注且思考,4,,
监控配置,2,同事询问问题,略显焦虑,3,颈椎放松,🔺
代码合并,1,即时通讯消息,专注但有压力,4,,
测试用例编写,0,,高度投入,5,,
项目部署,5,同事询问问题,紧张且疲惫,1,娱乐视频,🔻
性能优化,1,同事讨论声,专注且冷静,4,,
安全测试,2,手机消息提醒,认真但略显疲惫,3,颈椎放松,🔻
API文档撰写,,,,,,
